[
  {
    "ClubNo": "1",
    "ClubName": "Ramavarma Club",
    "Country": "India",
    "State": "Kerala",
    "City": "Kollam",
    "Address": "Thevally,  Kollam - 690 009",
    "PhoneNumbers": [
      "0474-2792587",
      "0471-2793597",
      "0471-2794196"
    ]
  },
  {
    "ClubNo": "2",
    "ClubName": "National Club",
    "Country": "India",
    "State": "Kerala",
    "City": "Pathanamthitta",
    "Address": "P.B No.61,  Kumbanad-689 547",
    "PhoneNumbers": [
      "0469-2665977"
    ]
  },
  {
    "ClubNo": "3",
    "ClubName": "Travancore Club",
    "Country": "India",
    "State": "Kerala",
    "City": "Pathanamthitta",
    "Address": "Perumthuruthy P.O,  Thiruvalla - 689 107",
    "PhoneNumbers": [
      "0469-2645909",
      "0469-2645409"
    ]
  },
  {
    "ClubNo": "4",
    "ClubName": "The Changanacherry Club",
    "Country": "India",
    "State": "Kerala",
    "City": "Changanacherry",
    "Address": "Bye-Pass Road, Vazhappally Chira, Changanacherry-686103",
    "PhoneNumbers": [
      "0481-3203365"
    ]
  },
  {
    "ClubNo": "5",
    "ClubName": "The Alleppey United Club.",
    "Country": "India",
    "State": "Kerala",
    "City": "Alappuzha",
    "Address": "Beach Road, Sea-view ward, Alappuzha- 680 012",
    "PhoneNumbers": [
      "0477 224 3688",
      "88487 78813"
    ]
  },
  {
    "ClubNo": "6",
    "ClubName": "Kottayam Club",
    "Country": "India",
    "State": "Kerala",
    "City": "Kottayam",
    "Address": "Devalokam Road, Muttambalam, Kottayam - 686 004",
    "PhoneNumbers": [
      "0481-2578903",
      "2576072"
    ]
  },
  {
    "ClubNo": "7",
    "ClubName": "Rama Varma Union Club",
    "Country": "India",
    "State": "Kerala",
    "City": "Kottayam",
    "Address": "Union Club Road, Kottayam - 686 001",
    "PhoneNumbers": [
      "0481-2582946",
      "2565448"
    ]
  },
  {
    "ClubNo": "8",
    "ClubName": "The Citizen Club",
    "Country": "India",
    "State": "Kerala",
    "City": "Kottayam",
    "Address": "Kodimatha, M.C Road, Kottayam - 686 039",
    "PhoneNumbers": [
      "0481-2361744",
      "2360798"
    ]
  },
  {
    "ClubNo": "9",
    "ClubName": "The Kanjirapally Club",
    "Country": "India",
    "State": "Kerala",
    "City": "Kanjirapally",
    "Address": "Kanjirapally, Kottayam - 686 507",
    "PhoneNumbers": [
      "04828-202459",
      "203287"
    ]
  },
  {
    "ClubNo": "10",
    "ClubName": "Mundakayam Club",
    "Country": "India",
    "State": "Kerala",
    "City": "Mundakayam",
    "Address": "Mundakayam -  686513",
    "PhoneNumbers": [
      "04828-2326039"
    ]
  },
  {
    "ClubNo": "11",
    "ClubName": "The District Rifle Association of Idukki",
    "Country": "India",
    "State": "Kerala",
    "City": "Thodupuzha",
    "Address": "Office at Muttom  11/139/A,  Thodupuzha-685 587",
    "PhoneNumbers": [
      "04862-255094"
    ]
  },
  {
    "ClubNo": "12",
    "ClubName": "The Peermade Club",
    "Country": "India",
    "State": "Kerala",
    "City": "Peermade",
    "Address": "Fairfield (PO),  Peermade -685501",
    "PhoneNumbers": [
      "04869-685501"
    ]
  },
  {
    "ClubNo": "13",
    "ClubName": "Vandiperiyar Club",
    "Country": "India",
    "State": "Kerala",
    "City": "Vandiperiyar",
    "Address": "Amakal Estate Vandiperiyar-685533 Idukki Dist",
    "PhoneNumbers": [
      "04869-252242",
      "9400181799"
    ]
  },
  {
    "ClubNo": "14",
    "ClubName": "Ramavarma Club - Cochin",
    "Country": "India",
    "State": "Kerala",
    "City": "Cochin",
    "Address": "Club Road,  Cochin - 682 011",
    "PhoneNumbers": [
      "0484-2352040",
      "2365806"
    ]
  },
  {
    "ClubNo": "15",
    "ClubName": "Century Club",
    "Country": "India",
    "State": "Kerala",
    "City": "Cochin",
    "Address": "Janatha Road,  Near EKM Medical Centre Vennala, Cochin-682 028",
    "PhoneNumbers": [
      "0484-2807088",
      "2806988"
    ]
  },
  {
    "ClubNo": "16",
    "ClubName": "Cochin Suburban Club",
    "Country": "India",
    "State": "Kerala",
    "City": "Cochin",
    "Address": "Valaatholpady Jn, Thrikkakara, Cochin-682 021",
    "PhoneNumbers": [
      "0484-555871",
      "5551777",
      "2575871",
      "2575177"
    ]
  },
  {
    "ClubNo": "17",
    "ClubName": "D.D. Retreat",
    "Country": "India",
    "State": "Kerala",
    "City": "Cochin",
    "Address": "May First Road,  Thammanam Cochin - 682 032",
    "PhoneNumbers": [
      "0484-2340416",
      "2341743"
    ]
  },
  {
    "ClubNo": "18",
    "ClubName": "Regional Sports Centre",
    "Country": "India",
    "State": "Kerala",
    "City": "Cochin",
    "Address": "Kadavanthra, Elamkulam Road, Cochin - 682 020",
    "PhoneNumbers": [
      "0484-2204068",
      "2205071"
    ]
  },
  {
    "ClubNo": "19",
    "ClubName": "Engineers Club",
    "Country": "India",
    "State": "Kerala",
    "City": "Cochin",
    "Address": "33/588-8,Chakkaraparambu, Vennala Cochin - 682 028",
    "PhoneNumbers": [
      "0484-2808792"
    ]
  },
  {
    "ClubNo": "20",
    "ClubName": "Cochin Gymkhana Club",
    "Country": "India",
    "State": "Kerala",
    "City": "Cochin",
    "Address": "The Family Club, Toc - H Nagar, Vyttila,  Cochin-682 019,",
    "PhoneNumbers": [
      "0484-2304148",
      "2303071",
      "2307857",
      "4021217"
    ]
  },
  {
    "ClubNo": "21",
    "ClubName": "Indian Medical Association",
    "Country": "India",
    "State": "Kerala",
    "City": "Cochin",
    "Address": "(Cochin Branch) IMA House, J.N International Stadium Road Palarivattom P.O Cochin - 682 025",
    "PhoneNumbers": [
      "0484-6468466"
    ]
  },
  {
    "ClubNo": "22",
    "ClubName": "The Cochin Club",
    "Country": "India",
    "State": "Kerala",
    "City": "Cochin",
    "Address": "Post Box No.7, Church Road,Fort Cochin  Cochin-682 001",
    "PhoneNumbers": [
      "0484-6598994",
      "6598995",
      "2215140",
      "2216211"
    ]
  },
  {
    "ClubNo": "23",
    "ClubName": "Periyar Club",
    "Country": "India",
    "State": "Kerala",
    "City": "Alwaye",
    "Address": "Swargam Road Desom P.O,  Alwaye-683 103",
    "PhoneNumbers": [
      "0484-2605611",
      "2626983",
      "2604695"
    ]
  },
  {
    "ClubNo": "24",
    "ClubName": "The Presidency Club",
    "Country": "India",
    "State": "Kerala",
    "City": "Angamaly",
    "Address": "Kidangoor. P.O,  Angamaly-683572",
    "PhoneNumbers": [
      "4842454022"
    ]
  },
  {
    "ClubNo": "25",
    "ClubName": "Sreemoolam Union Club",
    "Country": "India",
    "State": "Kerala",
    "City": "Muvattupuzha",
    "Address": "1, Main Road,  Muvattupuzha- 686 661",
    "PhoneNumbers": [
      "0485-2832008",
      "2836141"
    ]
  },
  {
    "ClubNo": "26",
    "ClubName": "The Brook Side Club",
    "Country": "India",
    "State": "Kerala",
    "City": "Kolencherry",
    "Address": "Kadayirippu, Kolencherry -682311",
    "PhoneNumbers": [
      "0484-2762915",
      "2760836"
    ]
  },
  {
    "ClubNo": "27",
    "ClubName": "Kothamangalam Club",
    "Country": "India",
    "State": "Kerala",
    "City": "Kothamangalam",
    "Address": "Reg No.ER 426/88,  Kuthukuzhy P.O,  Kothamangalam - 686 691",
    "PhoneNumbers": [
      "0485-2862001"
    ]
  },
  {
    "ClubNo": "28",
    "ClubName": "Metropolitan Club",
    "Country": "India",
    "State": "Kerala",
    "City": "Ernakulam",
    "Address": "Nanthlyattukunnam North Paravur  Ernakulam-683513",
    "PhoneNumbers": [
      "0484-2509209",
      "9744506556"
    ]
  },
  {
    "ClubNo": "29",
    "ClubName": "RECCAA Club",
    "Country": "India",
    "State": "Kerala",
    "City": "Kochi",
    "Address": "Reccaa Valley , Kakkanad Kochi-682030",
    "PhoneNumbers": [
      "9544283335",
      "9544393335",
      "9544343335"
    ]
  },
  {
    "ClubNo": "30",
    "ClubName": "Regency Club",
    "Country": "India",
    "State": "Kerala",
    "City": "Thrissur",
    "Address": "Club Road Kuttanellur, Thrissur - 680 014",
    "PhoneNumbers": [
      "0487-2353101",
      "2350871",
      "2350872",
      "2350873"
    ]
  },
  {
    "ClubNo": "31",
    "ClubName": "Aquatic Club",
    "Country": "India",
    "State": "Kerala",
    "City": "Thrissur",
    "Address": "Aristo Road, Mission Quarters, Thrissur - 680 005",
    "PhoneNumbers": [
      "0487-2428824",
      "2428773"
    ]
  },
  {
    "ClubNo": "32",
    "ClubName": "The United Club Mangalassery",
    "Country": "India",
    "State": "Kerala",
    "City": "Thrissur",
    "Address": "Koratty South,  Thrissur-680308",
    "PhoneNumbers": [
      "0480-2730733",
      "2631644",
      "2631717"
    ]
  },
  {
    "ClubNo": "33",
    "ClubName": "Banerji Memorial Club",
    "Country": "India",
    "State": "Kerala",
    "City": "Thrissur",
    "Address": "Swaraj Round North Thrissur - 680 001",
    "PhoneNumbers": [
      "0487-2335534",
      "2336795"
    ]
  },
  {
    "ClubNo": "34",
    "ClubName": "Cosmos Club",
    "Country": "India",
    "State": "Kerala",
    "City": "Chalakudy",
    "Address": "N.H Bypass Road Chalakudy-680307",
    "PhoneNumbers": [
      "0480- 2708918",
      "2707918",
      "8589008918"
    ]
  },
  {
    "ClubNo": "35",
    "ClubName": "Trichur Tennis Trust",
    "Country": "India",
    "State": "Kerala",
    "City": "Thrissur",
    "Address": "Kinattingal Tennis & Sports Academy P.O. Punkunnam, Puzhakkal, Thrissur-680002",
    "PhoneNumbers": [
      "0487-2382036",
      "8129460033"
    ]
  },
  {
    "ClubNo": "36",
    "ClubName": "The Malabar Club",
    "Country": "India",
    "State": "Kerala",
    "City": "Nilambur",
    "Address": "The Malabar Club & Social Service Society Reg No.318/94, Aruvacode, Nilambur -679 329",
    "PhoneNumbers": [
      "0493-344054"
    ]
  },
  {
    "ClubNo": "37",
    "ClubName": "Palghat Cosmopolitan Club",
    "Country": "India",
    "State": "Kerala",
    "City": "Palakkad",
    "Address": "N.H Bye- Pass Road, Kunnathurmedu P.O, Palakkad - 678 013",
    "PhoneNumbers": [
      "0491-2538866",
      "2510652"
    ]
  },
  {
    "ClubNo": "38",
    "ClubName": "Madhava Raja Club",
    "Country": "India",
    "State": "Kerala",
    "City": "Palakkad",
    "Address": "English Church Road, Palakkad - 678 014",
    "PhoneNumbers": [
      "0491-2522706",
      "2525354"
    ]
  },
  {
    "ClubNo": "39",
    "ClubName": "Town Square Club",
    "Country": "India",
    "State": "Kerala",
    "City": "Palakkad",
    "Address": "Racket Court road Palakkad- 678014",
    "PhoneNumbers": [
      "0491- 2522789",
      "6282396178"
    ]
  },
  {
    "ClubNo": "40",
    "ClubName": "The Calicut Cosmopolitian Club",
    "Country": "India",
    "State": "Kerala",
    "City": "Kozhikode",
    "Address": "8/360, Beach Road, Kozhikode - 673 032",
    "PhoneNumbers": [
      "0495-2366563",
      "2366738",
      "2761767"
    ]
  },
  {
    "ClubNo": "41",
    "ClubName": "The Exclusive Club",
    "Country": "India",
    "State": "Kerala",
    "City": "Kozhikode",
    "Address": "Opp. Raman Road,   Civil Station P.O, Kozhikode  - 673 020",
    "PhoneNumbers": [
      "0495-2370284",
      "2537438"
    ]
  },
  {
    "ClubNo": "42",
    "ClubName": "Officers Club",
    "Country": "India",
    "State": "Kerala",
    "City": "Kozhikode",
    "Address": "Thiruthiyard, Puthiyara Kozhikode - 673 004",
    "PhoneNumbers": [
      "0495-2771017",
      "2771220"
    ]
  },
  {
    "ClubNo": "43",
    "ClubName": "Kodanchery Handball Club (KH CLUB)",
    "Country": "India",
    "State": "Kerala",
    "City": "Kozhikode",
    "Address": "K.P. XVII/354-A, Green City  Kodanchery ,  Kozhikode-673580",
    "PhoneNumbers": [
      "0493-6224299",
      "8559950377",
      "9946383732",
      "9447204654"
    ]
  },
  {
    "ClubNo": "44",
    "ClubName": "The Hill District Club",
    "Country": "India",
    "State": "Kerala",
    "City": "Wayanad",
    "Address": "No:111,36C, Kolagappara. P.O Sulthan Bathery-673591, Wayanad",
    "PhoneNumbers": [
      "0493-6224299",
      "8559950377",
      "9946383732",
      "9447204654"
    ]
  },
  {
    "ClubNo": "45",
    "ClubName": "Bekal Club",
    "Country": "India",
    "State": "Kerala",
    "City": "Kanjangad",
    "Address": "Near Railway Gate(NH17), Padannakkad,   Kanjangad-671328",
    "PhoneNumbers": [
      "0467-2204609"
    ]
  },
  {
    "ClubNo": "46",
    "ClubName": "Ramavarma Puram Club",
    "Country": "India",
    "State": "Tamil Nadu",
    "City": "Nagercoil",
    "Address": "417, K.P Road,   Ramavarmapuram,   Nagercoil - 629 001",
    "PhoneNumbers": [
      "04652-235429"
    ]
  },
  {
    "ClubNo": "47",
    "ClubName": "The District Club",
    "Country": "India",
    "State": "Tamil Nadu",
    "City": "Nagercoil",
    "Address": "1274, K.P. Road,  Nagercoil - 629003",
    "PhoneNumbers": [
      "04652 230459",
      "9444730459"
    ]
  },
  {
    "ClubNo": "48",
    "ClubName": "Salem Club",
    "Country": "India",
    "State": "Tamil Nadu",
    "City": "Salem",
    "Address": "Saradha College Road Hastampatti, Salem - 636 007",
    "PhoneNumbers": [
      "0427-2314040",
      "2317070"
    ]
  },
  {
    "ClubNo": "49",
    "ClubName": "Rainbow Club",
    "Country": "India",
    "State": "Tamil Nadu",
    "City": "Madurai",
    "Address": "Blue Nile Club & Resorts Pvt. Ltd.  Near Airport, Madurai -625022",
    "PhoneNumbers": [
      "0452-671459"
    ]
  },
  {
    "ClubNo": "50",
    "ClubName": "The Madurai Union Club",
    "Country": "India",
    "State": "Tamil Nadu",
    "City": "Madurai",
    "Address": "No:9, Tamukkam Park Road,  Madurai-625020",
    "PhoneNumbers": [
      "0452-2530105",
      "2522808",
      "2521945"
    ]
  },
  {
    "ClubNo": "51",
    "ClubName": "The R.S. Puram Club",
    "Country": "India",
    "State": "Tamil Nadu",
    "City": "Coimbatore",
    "Address": "#1,Subramanian Road, R.S Puram, Coimbatore - 641 002",
    "PhoneNumbers": [
      "0422-2547021",
      "2547022"
    ]
  },
  {
    "ClubNo": "52",
    "ClubName": "The Kerala Club",
    "Country": "India",
    "State": "Tamil Nadu",
    "City": "Coimbatore",
    "Address": "78-80 A.T.T Colony, Coimbatore - 641 018",
    "PhoneNumbers": [
      "0422-2215178",
      "2213642"
    ]
  },
  {
    "ClubNo": "53",
    "ClubName": "Jenney Club",
    "Country": "India",
    "State": "Tamil Nadu",
    "City": "Coimbatore",
    "Address": "Avinashi Road, Opp. CIT Aerodrome P.O, Coimbatore-641 014",
    "PhoneNumbers": [
      "0422-2575552",
      "2576417",
      "4335777"
    ]
  },
  {
    "ClubNo": "54",
    "ClubName": "The Coimbatore Social Club",
    "Country": "India",
    "State": "Tamil Nadu",
    "City": "Coimbatore",
    "Address": "440, Thadagam Road, Coimbatore-641002",
    "PhoneNumbers": [
      "0422-2541588",
      "2554130"
    ]
  },
  {
    "ClubNo": "55",
    "ClubName": "Coastal Club",
    "Country": "India",
    "State": "Tamil Nadu",
    "City": "Namakkal",
    "Address": "Tiruchengode Road, Nallipalayam Namakkal Dist-637003",
    "PhoneNumbers": [
      "9566637333",
      "8056837333"
    ]
  },
  {
    "ClubNo": "56",
    "ClubName": "The Presidency Club  - Chennai",
    "Country": "India",
    "State": "Tamil Nadu",
    "City": "Chennai",
    "Address": "Fairlawns, 51, Ethiraj Salai  Chennai - 600 008",
    "PhoneNumbers": [
      "044-28226881",
      "8226882",
      "8226885"
    ]
  },
  {
    "ClubNo": "57",
    "ClubName": "The Madras Country Club",
    "Country": "India",
    "State": "Tamil Nadu",
    "City": "Chennai",
    "Address": "Gandhi Nagar,  Adayar, Chennai--600020",
    "PhoneNumbers": [
      "044-490870",
      "64908707"
    ]
  },
  {
    "ClubNo": "58",
    "ClubName": "Tower's Club",
    "Country": "India",
    "State": "Tamil Nadu",
    "City": "Chennai",
    "Address": "W. Block , 3rd Main Road  Anna Nagar, Chennai - 600 040",
    "PhoneNumbers": [
      "044-26200077",
      "88 26213150"
    ]
  },
  {
    "ClubNo": "59",
    "ClubName": "Cosmopolitan Club",
    "Country": "India",
    "State": "Tamil Nadu",
    "City": "Chennai",
    "Address": "Post Box No.371, 63 Anna Salai,  Chennai - 600 002",
    "PhoneNumbers": [
      "044-28413853",
      "28413855",
      "28584353",
      "28584355"
    ]
  },
  {
    "ClubNo": "60",
    "ClubName": "Maharaja Royal Club",
    "Country": "India",
    "State": "Tamil Nadu",
    "City": "Chennai",
    "Address": "Konraja Kuppam Mel Chetty Street  Main Road,  Ayyanambakkam, Chennai - 600 095",
    "PhoneNumbers": [
      "044-26533948",
      "26533222",
      "26531623",
      "26531624"
    ]
  },
  {
    "ClubNo": "61",
    "ClubName": "L' Amicale Club & Resort (P) Ltd",
    "Country": "India",
    "State": "Tamil Nadu",
    "City": "Chennai",
    "Address": "S.No. 73/1, Thiruvalluvar Salai, Ramapuram,  Chennai - 600 089",
    "PhoneNumbers": [
      "044-22490611",
      "22492612"
    ]
  },
  {
    "ClubNo": "62",
    "ClubName": "Celebrity Corporate Club",
    "Country": "India",
    "State": "Tamil Nadu",
    "City": "Chennai",
    "Address": "No.3, Anna Salai,  City Centre Plaza, Vth Floor Chennai - 600 002",
    "PhoneNumbers": [
      "044-28585599",
      "28587979"
    ]
  },
  {
    "ClubNo": "63",
    "ClubName": "The Malayalee Club",
    "Country": "India",
    "State": "Tamil Nadu",
    "City": "Chennai",
    "Address": "#28, Club Road,  Srinivasan Nagar, Chetpet,  Chennai - 600 031",
    "PhoneNumbers": [
      "044 28360733",
      "044 28360884"
    ]
  },
  {
    "ClubNo": "64",
    "ClubName": "The Coonoor Club",
    "Country": "India",
    "State": "Tamil Nadu",
    "City": "Coonoor",
    "Address": "Club Road, Coonoor-643 101 Niligiris",
    "PhoneNumbers": [
      "0423-2231714",
      "2231717"
    ]
  },
  {
    "ClubNo": "65",
    "ClubName": "Nani's Nook Club",
    "Country": "India",
    "State": "Tamil Nadu",
    "City": "Nilgiris",
    "Address": "Yallanahalli, Mynalai Road Ketti Valley, Yallanahalli Post Coonoor Taluk, Nilgiris- 643243",
    "PhoneNumbers": [
      "080-46612582",
      "9886672582"
    ]
  },
  {
    "ClubNo": "66",
    "ClubName": "The Presidency Club - Ooty",
    "Country": "India",
    "State": "Tamil Nadu",
    "City": "Ooty",
    "Address": "Ootacamund,Adjacent to Breeks Stadium, Ottley Road, Ooty-643 001",
    "PhoneNumbers": [
      "0423 -2452310",
      "9698966843"
    ]
  },
  {
    "ClubNo": "67",
    "ClubName": "The Gudalur Cosmopolitan Club",
    "Country": "India",
    "State": "Tamil Nadu",
    "City": "Nilgiris",
    "Address": "P.B. No-61, M.T Nagar, Gudalur, The  Nilgiris-643212",
    "PhoneNumbers": [
      "04262-261842"
    ]
  },
  {
    "ClubNo": "68",
    "ClubName": "The Country Club",
    "Country": "India",
    "State": "Telangana",
    "City": "Hyderabad",
    "Address": "6-3-1219,Begumpet,  Hyderabad - 500 016",
    "PhoneNumbers": [
      "040-23402000",
      "23409627",
      "23407619",
      "23412750"
    ]
  },
  {
    "ClubNo": "69",
    "ClubName": "Country Club (India) Ltd",
    "Country": "India",
    "State": "Telangana",
    "City": "Hyderabad",
    "Address": "Amrutha Castle,  5-9-16, Safiabad, Opp. Secretariat, Hyderabad - 500 063",
    "PhoneNumbers": [
      "040-598657",
      "599899",
      "23406854",
      "23403393",
      "/ 23401305"
    ]
  },
  {
    "ClubNo": "70",
    "ClubName": "New Club",
    "Country": "India",
    "State": "Telangana",
    "City": "Secundrabad",
    "Address": "371, Street No.8, West Mareed Pally,  Secundrabad-500 026",
    "PhoneNumbers": [
      "040-2830379",
      "2805769"
    ]
  },
  {
    "ClubNo": "71",
    "ClubName": "Chiran Fort Club",
    "Country": "India",
    "State": "Telangana",
    "City": "Secundrabad",
    "Address": "1-8-334, Opp.Begumpet Police Lines Near Huda Office, Secundrabad-500 003",
    "PhoneNumbers": [
      "040-27901700",
      "279000900"
    ]
  },
  {
    "ClubNo": "72",
    "ClubName": "The Kanara Club",
    "Country": "India",
    "State": "Karnataka",
    "City": "Mangalore",
    "Address": "15 - 263/A,Near Kadri Market,  Kadri, Mangalore - 575 002",
    "PhoneNumbers": [
      "0824-2485289 2211086",
      "2214191"
    ]
  },
  {
    "ClubNo": "73",
    "ClubName": "Cotton County Resorts & Estates Pvt. Ltd",
    "Country": "India",
    "State": "Karnataka",
    "City": "Hubli",
    "Address": "Opp. To Airport,  Gokul Road, Hubli-580 030",
    "PhoneNumbers": [
      "08366563466",
      "2335799"
    ]
  },
  {
    "ClubNo": "74",
    "ClubName": "Hubli Gymkhana Club",
    "Country": "India",
    "State": "Karnataka",
    "City": "Hubli",
    "Address": "Club Road Hubli - 580023",
    "PhoneNumbers": [
      "2366685",
      "2362798"
    ]
  },
  {
    "ClubNo": "75",
    "ClubName": "Westind Country Club",
    "Country": "India",
    "State": "Karnataka",
    "City": "Manipal",
    "Address": "31A, Shivally Village, Alevoor Road, Manipal -576 104",
    "PhoneNumbers": [
      "08202573812",
      "09845511274"
    ]
  },
  {
    "ClubNo": "76",
    "ClubName": "Cosmopolitan Club - Madikeri",
    "Country": "India",
    "State": "Karnataka",
    "City": "Madikeri",
    "Address": "Taluk Office Road Madikeri-571 201",
    "PhoneNumbers": [
      "08272228529",
      "8762258529"
    ]
  },
  {
    "ClubNo": "77",
    "ClubName": "Belgaum Club",
    "Country": "India",
    "State": "Karnataka",
    "City": "Belgaum",
    "Address": "Club Road Belgaum -590001",
    "PhoneNumbers": [
      "8312420532"
    ]
  },
  {
    "ClubNo": "78",
    "ClubName": "East Cultural Association",
    "Country": "India",
    "State": "Karnataka",
    "City": "Bangalore",
    "Address": "No.8, 100 Ft. Road, Indira Nagar, Bangalore - 560 038",
    "PhoneNumbers": [
      "08025262058",
      "25275241 /",
      "25260388"
    ]
  },
  {
    "ClubNo": "79",
    "ClubName": "Best Club",
    "Country": "India",
    "State": "Karnataka",
    "City": "Bangalore",
    "Address": "BEMLLayout, 4th Stage, Rajarajeshwari Nagar, Bangalore-560098",
    "PhoneNumbers": [
      "080-28613334",
      "3211",
      "3027 080-28616800",
      "28616801"
    ]
  },
  {
    "ClubNo": "80",
    "ClubName": "Cosmopolitan Club (Regd)",
    "Country": "India",
    "State": "Karnataka",
    "City": "Bangalore",
    "Address": "22nd Cross 3rd Block, Jayanagar, Bangalore - 560 011",
    "PhoneNumbers": [
      "080-26630093 /",
      "26630110"
    ]
  },
  {
    "ClubNo": "81",
    "ClubName": "The Country Club - Bangalore",
    "Country": "India",
    "State": "Karnataka",
    "City": "Bangalore",
    "Address": "No.95 Basavanapura, Bennaghatta Road, Bangalore - 560 083",
    "PhoneNumbers": [
      "080-8429699",
      "8429698",
      "09845008381"
    ]
  },
  {
    "ClubNo": "82",
    "ClubName": "Mahalakshmi Layout Residents Forum",
    "Country": "India",
    "State": "Karnataka",
    "City": "Bangalore",
    "Address": "C.A Site #3B,P.O Road Mahalakshmi Layout, Bangalore - 560 086",
    "PhoneNumbers": [
      "080-23492017",
      "23196992"
    ]
  },
  {
    "ClubNo": "83",
    "ClubName": "Kodava Samaja Sports & Recreation Club",
    "Country": "India",
    "State": "Karnataka",
    "City": "Bangalore",
    "Address": "Kodava Samaja Annexe, 1st Main,Vasanthanagar Bangalore - 560 052",
    "PhoneNumbers": [
      "080-22258848",
      "40977142"
    ]
  },
  {
    "ClubNo": "84",
    "ClubName": "Bowring Institute",
    "Country": "India",
    "State": "Karnataka",
    "City": "Bangalore",
    "Address": " 19 St.Marks Road,  Bangalore-560 001",
    "PhoneNumbers": [
      "080 - 22228885",
      "40414243"
    ]
  },
  {
    "ClubNo": "85",
    "ClubName": "Nandini Layout Club",
    "Country": "India",
    "State": "Karnataka",
    "City": "Bangalore",
    "Address": "\"Maitri Soudha\",C.A. Site, Circular Road, Nandini Layout, Bangalore-560 096",
    "PhoneNumbers": [
      "080-23592418",
      "23494033"
    ]
  },
  {
    "ClubNo": "86",
    "ClubName": "Catholic Club",
    "Country": "India",
    "State": "Karnataka",
    "City": "Bangalore",
    "Address": "22, Museum Road, Bangalore-560 025",
    "PhoneNumbers": [
      "080- 4112 8230"
    ]
  },
  {
    "ClubNo": "87",
    "ClubName": "Karnataka Engineers Academy (Regd)",
    "Country": "India",
    "State": "Karnataka",
    "City": "Bangalore",
    "Address": "CA Site No:1 , 8th Main, 2nd Cross, Kamalanagara, Bangalore-560 079",
    "PhoneNumbers": [
      "080-23232294",
      "23229750 /",
      "23229751"
    ]
  },
  {
    "ClubNo": "88",
    "ClubName": "The Karnataka State Cricket Association Club House",
    "Country": "India",
    "State": "Karnataka",
    "City": "Bangalore",
    "Address": "Member's Pavilion,  M.Chinnaswamy Stadium, Cubbon Road,  Bangalore-560 001",
    "PhoneNumbers": [
      "080-22861904",
      "40154015"
    ]
  },
  {
    "ClubNo": "89",
    "ClubName": "The Koramangala Club",
    "Country": "India",
    "State": "Karnataka",
    "City": "Bangalore",
    "Address": "CA-17, 6th Cross,  6th Block, Bangalore-560 095",
    "PhoneNumbers": [
      "080 - 42679000"
    ]
  },
  {
    "ClubNo": "90",
    "ClubName": "The H.S.R. Club",
    "Country": "India",
    "State": "Karnataka",
    "City": "Bangalore",
    "Address": "CA Site No:12 ,III Sector, HSR Layout  Bangalore-560102",
    "PhoneNumbers": [
      "080-25723927",
      "25723928 65976356"
    ]
  },
  {
    "ClubNo": "91",
    "ClubName": "Indiranagar Club",
    "Country": "India",
    "State": "Karnataka",
    "City": "Bangalore",
    "Address": "Sangeetha Sabha, 9th Main,  4th Cross, Hal 2nd stage, Indiranagar  Bangalore-560008",
    "PhoneNumbers": [
      "080 2528 0323"
    ]
  },
  {
    "ClubNo": "92",
    "ClubName": "Karnataka Gymkhana Association ®",
    "Country": "India",
    "State": "Karnataka",
    "City": "Hubballi",
    "Address": "Deshpande Nagar, Hubballi-580029 Karnataka.",
    "PhoneNumbers": [
      "0836-2258410"
    ]
  },
  {
    "ClubNo": "93",
    "ClubName": "Gymkhana Club",
    "Country": "India",
    "State": "Maharashtra",
    "City": "Goa",
    "Address": "#198(B), Deulwada Mandrem, Pernem, North Goa-403527",
    "PhoneNumbers": [
      "9606473409",
      "93801-32207"
    ]
  },
  {
    "ClubNo": "94",
    "ClubName": "Newera Goa Gymkhana Club",
    "Country": "India",
    "State": "Maharashtra",
    "City": "Goa",
    "Address": "S.No-172/1, Duelmol,  Sirvoi, Quepem, South Goa-403705",
    "PhoneNumbers": [
      "(+) 84838 21479"
    ]
  },
  {
    "ClubNo": "95",
    "ClubName": "Sher-E-Punjab Gymkhana and  Health Club(Association)",
    "Country": "India",
    "State": "Maharashtra",
    "City": "Mumbai",
    "Address": "368/72,Club Premises, Sher-E-Punjab Society, Mahakali Caves Road, Andheri(E), Mumbai - 400 093",
    "PhoneNumbers": [
      "022-28381050",
      "28259174"
    ]
  },
  {
    "ClubNo": "96",
    "ClubName": "GOC The Family Club",
    "Country": "India",
    "State": "Maharashtra",
    "City": "Mumbai",
    "Address": "Saini Hotels Pvt.Ltd, Behind Hatkesh Udyog, Opp. Mira Bhayander Road,  Mira Road, Thane, Mumbai-400 601",
    "PhoneNumbers": [
      "022-28114044",
      "28110822"
    ]
  },
  {
    "ClubNo": "97",
    "ClubName": "The Chembur Gymkhana",
    "Country": "India",
    "State": "Maharashtra",
    "City": "Mumbai",
    "Address": "16th Road, Chembur, Mumbai-400071",
    "PhoneNumbers": [
      "2521 7030-35",
      "6230 5499",
      "6230-5555"
    ]
  },
  {
    "ClubNo": "98",
    "ClubName": "Navi Mumbai Sports Association",
    "Country": "India",
    "State": "Maharashtra",
    "City": "Mumbai",
    "Address": "Sector 1 A, Vashi,  Navi Mumbai  - 400 703",
    "PhoneNumbers": [
      "022-27824535",
      "363735"
    ]
  },
  {
    "ClubNo": "99",
    "ClubName": "Gondwana Club",
    "Country": "India",
    "State": "Maharashtra",
    "City": "Nagpur",
    "Address": "Seminary Hills, Nagpur - 440 006",
    "PhoneNumbers": [
      "0712-2510183",
      "2511509"
    ]
  },
  {
    "ClubNo": "100",
    "ClubName": "The Eastern Sports Club",
    "Country": "India",
    "State": "Maharashtra",
    "City": "Nagpur",
    "Address": "# 74 A 1, Wardhaman Nagar(E) Nagpur - 440 008",
    "PhoneNumbers": [
      "0712-2680454",
      "2683836"
    ]
  },
  {
    "ClubNo": "101",
    "ClubName": "Mia Centre for Sports & Recreation",
    "Country": "India",
    "State": "Maharashtra",
    "City": "Nagpur",
    "Address": "P-138, Central MIDC Road, Nagpur-440028",
    "PhoneNumbers": [
      "07104-2971821"
    ]
  },
  {
    "ClubNo": "102",
    "ClubName": "Nasik Club",
    "Country": "India",
    "State": "Maharashtra",
    "City": "Nasik",
    "Address": "Sarada Activity Centre, Nandinee, Nasik,Pune Road,  Nasik - 422 001",
    "PhoneNumbers": [
      "0253-24112554",
      "2417931"
    ]
  },
  {
    "ClubNo": "103",
    "ClubName": "Reforms Club",
    "Country": "India",
    "State": "Andhra Pradesh",
    "City": "Amaravati",
    "Address": "Col. C.K Naidu Road, Camp , Amaravati - 444 602",
    "PhoneNumbers": [
      "0721-2662458"
    ]
  },
  {
    "ClubNo": "104",
    "ClubName": "Ganga Retreat Club",
    "Country": "India",
    "State": "Maharashtra",
    "City": "Pune",
    "Address": "Opp. Sri Satyam Gardens,  Pune Nagar Road,  Waghole, Pune - 412 207",
    "PhoneNumbers": [
      "020-27051032"
    ]
  },
  {
    "ClubNo": "105",
    "ClubName": "New Club  Pune",
    "Country": "India",
    "State": "Maharashtra",
    "City": "Pune",
    "Address": "2 Rajendra Singhji Road, Pune-411 001",
    "PhoneNumbers": [
      "020-26360471"
    ]
  },
  {
    "ClubNo": "106",
    "ClubName": "Deccan Gymkhana",
    "Country": "India",
    "State": "Maharashtra",
    "City": "Pune",
    "Address": "Talim Pavilion,759/2 Deccan Gymkhana Pune - 411 004",
    "PhoneNumbers": [
      "020-25675994",
      "25663970",
      "9370077133"
    ]
  },
  {
    "ClubNo": "107",
    "ClubName": "Royal Connaught Boat Club",
    "Country": "India",
    "State": "Maharashtra",
    "City": "Pune",
    "Address": "7/8, Boat Club Road, Pune-411 001",
    "PhoneNumbers": [
      "020-26163512",
      "13",
      "14",
      "20",
      "07798881794",
      "95"
    ]
  },
  {
    "ClubNo": "108",
    "ClubName": "Whispering Country Club Woods",
    "Country": "India",
    "State": "Maharashtra",
    "City": "Lonavala",
    "Address": "Dreamz Achievers India Pvt Ltd, N.S Road No5,Opp.Lonavala College, Lonavala - 410 403",
    "PhoneNumbers": [
      "02114- 277915",
      "279340",
      "279350"
    ]
  },
  {
    "ClubNo": "109",
    "ClubName": "Nerbudda Club",
    "Country": "India",
    "State": "Madhya Pradesh",
    "City": "Jabalpur",
    "Address": "Opp. Tagore Udyan, Jabalpur - 482 001",
    "PhoneNumbers": [
      "0761-2621326"
    ]
  },
  {
    "ClubNo": "110",
    "ClubName": "Yeshwant Club",
    "Country": "India",
    "State": "Madhya Pradesh",
    "City": "Indore",
    "Address": "Race Course Road,  Indore - 452 003",
    "PhoneNumbers": [
      "0731-2549522",
      "2549523",
      "2549524"
    ]
  },
  {
    "ClubNo": "111",
    "ClubName": "Jiwaji Club",
    "Country": "India",
    "State": "Madhya Pradesh",
    "City": "Gwalior",
    "Address": "Srimant Madhav Rao Scindia Marg Gwalior-474 009",
    "PhoneNumbers": [
      "0751-2324110",
      "2336212"
    ]
  },
  {
    "ClubNo": "112",
    "ClubName": "Baroda Presidency Sports Club",
    "Country": "India",
    "State": "Gujarat",
    "City": "Vadodara",
    "Address": "Sherkhi, Next to Podar World School, Gotri-Sevasi Road, Vadodara - 391 330",
    "PhoneNumbers": [
      "0265-6567575"
    ]
  },
  {
    "ClubNo": "113",
    "ClubName": "Rainbow Club  Surat",
    "Country": "India",
    "State": "Gujarat",
    "City": "Surat",
    "Address": "Beside Magdalla Lake Near Magdalla Circle, Dumas Road Surat-395007",
    "PhoneNumbers": [
      "0261- 6454775",
      "6454776"
    ]
  },
  {
    "ClubNo": "114",
    "ClubName": "Umbergaon Club",
    "Country": "India",
    "State": "Gujarat",
    "City": "Gujarat",
    "Address": "Madhuvan Complex, Umbergaon Sanjan Road Gujarat-396171",
    "PhoneNumbers": [
      "0260-2562464",
      "2561122"
    ]
  },
  {
    "ClubNo": "115",
    "ClubName": "Umed Club",
    "Country": "India",
    "State": "Rajasthan",
    "City": "Jodhpur",
    "Address": "Gaushala Sports Complex, Raika Bagh, Jodhpur - 342 001",
    "PhoneNumbers": [
      "0291-511010",
      "619999",
      "629999"
    ]
  },
  {
    "ClubNo": "116",
    "ClubName": "Kanishka Country Club",
    "Country": "India",
    "State": "Rajasthan",
    "City": "Jodhpur",
    "Address": "Jodhpur Bye Pass Road,  Village-Pal,   Jodhpur - 342 001",
    "PhoneNumbers": [
      "0291-2744338"
    ]
  },
  {
    "ClubNo": "117",
    "ClubName": "Jodhpur Club",
    "Country": "India",
    "State": "Rajasthan",
    "City": "Jodhpur",
    "Address": "H.O: 774, Near Bafna Hospital 5th, Chopasni Road, Jodhpur -342001",
    "PhoneNumbers": [
      "0291-2611555",
      "9829255555"
    ]
  },
  {
    "ClubNo": "118",
    "ClubName": "Jaisal Club",
    "Country": "India",
    "State": "Rajasthan",
    "City": "Jaisalmer",
    "Address": "Jethwai Road, Jaisalmer -345 001,",
    "PhoneNumbers": [
      "02992-255555",
      "254999",
      "09829023610"
    ]
  },
  {
    "ClubNo": "119",
    "ClubName": "Jaipur Club Ltd",
    "Country": "India",
    "State": "Rajasthan",
    "City": "Jaipur",
    "Address": "Near Ajmer Road Flyover,  Opp. PWD Office,  Jacob Road,  Civil Lines, Jaipur-302 006",
    "PhoneNumbers": [
      "0141-5101688",
      "5101689",
      "5101691"
    ]
  },
  {
    "ClubNo": "120",
    "ClubName": "Emerald Garden Club Ltd",
    "Country": "India",
    "State": "Rajasthan",
    "City": "Jaipur",
    "Address": "B-90C, Ganesh Marg, Bapu Nagar, Jaipur -302 015",
    "PhoneNumbers": [
      "0141-2719199",
      "2719187"
    ]
  },
  {
    "ClubNo": "121",
    "ClubName": "Jai Club",
    "Country": "India",
    "State": "Rajasthan",
    "City": "Jaipur",
    "Address": "Mahaveer Marg, C- Scheme Jaipur - 302 001",
    "PhoneNumbers": [
      "0141- 2372321"
    ]
  },
  {
    "ClubNo": "122",
    "ClubName": "Field Club",
    "Country": "India",
    "State": "Rajasthan",
    "City": "Udaipur",
    "Address": "Field Club Rd, Fatehpura Chauraha,  Near Amboonuta Police Station Fatehpura, Udaipur-313 001",
    "PhoneNumbers": [
      "0294 -2416099",
      "2560105"
    ]
  },
  {
    "ClubNo": "123",
    "ClubName": "Kota Club",
    "Country": "India",
    "State": "Rajasthan",
    "City": "Kota",
    "Address": "8th K.M. Kauthun Road Kota - 324001",
    "PhoneNumbers": [
      "0744- 2112663"
    ]
  },
  {
    "ClubNo": "124",
    "ClubName": "Sadul Club",
    "Country": "India",
    "State": "Rajasthan",
    "City": "Bikaner",
    "Address": "Near Veer Durgadass Circle, Bikaner-334 001",
    "PhoneNumbers": [
      "0151- 2206610",
      "09928308428"
    ]
  },
  {
    "ClubNo": "125",
    "ClubName": "Jalander Club Ltd",
    "Country": "India",
    "State": "Punjab",
    "City": "Jalandhar",
    "Address": "Jalandhar Cantt, Jalandhar - 144 005",
    "PhoneNumbers": [
      "0181-2802820"
    ]
  },
  {
    "ClubNo": "126",
    "ClubName": "Chandigarh Club Ltd",
    "Country": "India",
    "State": "Punjab",
    "City": "Chandigarh",
    "Address": "Sector-1, Chandigarh-160001",
    "PhoneNumbers": [
      "0172-2743388",
      "2740144",
      "740206 Fax :0172-2742326"
    ]
  },
  {
    "ClubNo": "127",
    "ClubName": "Lodhi Club (Regd)",
    "Country": "India",
    "State": "Punjab",
    "City": "Ludhiana",
    "Address": "1-Block, B.R.S. Nagar, Ludhiana-141012 Punjab",
    "PhoneNumbers": [
      "Rec Ph: 0161-2459013",
      "2459014 Accts: 2459015"
    ]
  },
  {
    "ClubNo": "128",
    "ClubName": "The Faridkot Club",
    "Country": "India",
    "State": "Punjab",
    "City": "Faridkot",
    "Address": "Near Shahi Samadhan , Sadiq Chowk, Faridkot-151203, Punjab.",
    "PhoneNumbers": [
      "01639-254833"
    ]
  },
  {
    "ClubNo": "129",
    "ClubName": "Janak Puri Club",
    "Country": "India",
    "State": "Delhi",
    "City": "New Delhi",
    "Address": "Plot No.17,Cultural Complex District Centre Janak Puri  New Delhi -110058",
    "PhoneNumbers": [
      "011- 25505353"
    ]
  },
  {
    "ClubNo": "130",
    "ClubName": "Jahanpanah Club",
    "Country": "India",
    "State": "Delhi",
    "City": "New Delhi",
    "Address": "Mandakini Housing Scheme, Alaknanda  New Delhi -110019",
    "PhoneNumbers": [
      "011-26277072",
      "26277073",
      "26277074"
    ]
  },
  {
    "ClubNo": "131",
    "ClubName": "Safdarjung Club",
    "Country": "India",
    "State": "Delhi",
    "City": "New Delhi",
    "Address": "Safdarjung Enclave New Delhi-110029",
    "PhoneNumbers": [
      "011-26107671",
      "26108884"
    ]
  },
  {
    "ClubNo": "132",
    "ClubName": "New Friends Club",
    "Country": "India",
    "State": "Delhi",
    "City": "New Delhi",
    "Address": "New Friends Colony, Mathura Road, New Delhi- 110025",
    "PhoneNumbers": [
      "011-26916725",
      "26326656",
      "26328235"
    ]
  },
  {
    "ClubNo": "133",
    "ClubName": "The Executive Club Resort",
    "Country": "India",
    "State": "Delhi",
    "City": "New Delhi",
    "Address": "C/o. Dolly Farms &Resorts Pvt.Ltd 439, Village Shahoorpur P.O, Fatahpur Beri, New Delhi- 110074",
    "PhoneNumbers": [
      "011-26654444",
      "65154427",
      "65154428"
    ]
  },
  {
    "ClubNo": "134",
    "ClubName": "Riverside Sports & Recreation Club",
    "Country": "India",
    "State": "Delhi",
    "City": "Delhi",
    "Address": "Club Avenue, Mayur Vihar, Ph-1, Extn., Delhi-110091",
    "PhoneNumbers": [
      "22714765",
      "22711986"
    ]
  },
  {
    "ClubNo": "135",
    "ClubName": "West Delhi Club Society (Regd)",
    "Country": "India",
    "State": "Delhi",
    "City": "Delhi",
    "Address": "WZ-3, Basai Darapur Road, Moti Nagar, Delhi-110015",
    "PhoneNumbers": [
      "9899660076",
      "8527482076"
    ]
  },
  {
    "ClubNo": "136",
    "ClubName": "Mussoorie (Co-Op) Club Ltd",
    "Country": "India",
    "State": "Uttarakhand",
    "City": "Mussoorie",
    "Address": "Phoenix Lodge,  Mussoorie - 248 179",
    "PhoneNumbers": [
      "0135-2632828",
      "2832828"
    ]
  },
  {
    "ClubNo": "137",
    "ClubName": "Boat House Club Ltd",
    "Country": "India",
    "State": "Uttarakhand",
    "City": "Nainital",
    "Address": "Mall Road, G.B. Pant Marg, Mallital Nainital-263 002",
    "PhoneNumbers": [
      "05942-237667",
      "05942-235318",
      "05942-236918"
    ]
  },
  {
    "ClubNo": "138",
    "ClubName": "Best Western Resort Country Club",
    "Country": "India",
    "State": "Haryana",
    "City": "Manesar",
    "Address": "Pachgaon-Mohammadpur Road, Near Manesar-122 051 Gurgaon Dist.",
    "PhoneNumbers": [
      "01267-278202",
      "278205",
      "9810070001",
      "9810784996"
    ]
  },
  {
    "ClubNo": "139",
    "ClubName": "City Club",
    "Country": "India",
    "State": "Uttar Pradesh",
    "City": "Kanpur",
    "Address": "A Division of Sabodhi Hotels Pvt Ltd, 84/79, GTRoad,  Kanpur - 208 003",
    "PhoneNumbers": [
      "0512-2521211",
      "2521212"
    ]
  },
  {
    "ClubNo": "140",
    "ClubName": "The Benares Club Limited",
    "Country": "India",
    "State": "Uttar Pradesh",
    "City": "Varanasi",
    "Address": "S-2/650, Club Road, Varanasi-221002 Varanasi",
    "PhoneNumbers": [
      "0542-2500508",
      "2500351"
    ]
  },
  {
    "ClubNo": "141",
    "ClubName": "Oudh Gymkhana Club",
    "Country": "India",
    "State": "Uttar Pradesh",
    "City": "Lucknow",
    "Address": "Kaiserbagh,  Lucknow-226 001",
    "PhoneNumbers": [
      "0522-2202013",
      "4107060"
    ]
  },
  {
    "ClubNo": "142",
    "ClubName": "Bareilly Club Limited",
    "Country": "India",
    "State": "Uttar Pradesh",
    "City": "Bareilly",
    "Address": "No.1 Civil Lines, Post Box No.9 Bareilly-243 001",
    "PhoneNumbers": [
      "0581-2427773",
      "0581-2510223"
    ]
  },
  {
    "ClubNo": "143",
    "ClubName": "Arun Vihar Institute (Club)",
    "Country": "India",
    "State": "Uttar Pradesh",
    "City": "Noida",
    "Address": "Sector-29,  Noida-201303",
    "PhoneNumbers": [
      "0120-2451487",
      "4352195",
      "4352196",
      "4352197"
    ]
  },
  {
    "ClubNo": "144",
    "ClubName": "Shrine Club",
    "Country": "India",
    "State": "Uttar Pradesh",
    "City": "Uttar Pradesh",
    "Address": "Shri Krishna Heights,  Tahra, Burja Road Vrindavan  Uttar Pradesh-281121",
    "PhoneNumbers": [
      "(+) 91 7906281186"
    ]
  },
  {
    "ClubNo": "145",
    "ClubName": "Bankipore Club Limited",
    "Country": "India",
    "State": "Bihar",
    "City": "Patna",
    "Address": "Judge Court Road, Patna-800 001",
    "PhoneNumbers": [
      "0612-3202575",
      "2677109",
      "2677409"
    ]
  },
  {
    "ClubNo": "146",
    "ClubName": "Ranchi Gymkhana Club",
    "Country": "India",
    "State": "Jharkhand",
    "City": "Ranchi",
    "Address": "Dipatoli, Ranchi-834 009 Ranchi.",
    "PhoneNumbers": [
      "0651- 2275667",
      "2275668"
    ]
  },
  {
    "ClubNo": "147",
    "ClubName": "Dhanbad Club Ltd",
    "Country": "India",
    "State": "Jharkhand",
    "City": "Dhanbad",
    "Address": "Luby Circular Road,  Dhanbad-826001",
    "PhoneNumbers": [
      "0326-2312450",
      "2312186"
    ]
  },
  {
    "ClubNo": "148",
    "ClubName": "Union Club",
    "Country": "India",
    "State": "Jharkhand",
    "City": "Dhanbad",
    "Address": "Luby Circular Road, Hirapur, Dhanbad -826001",
    "PhoneNumbers": [
      "0326- 2310224"
    ]
  },
  {
    "ClubNo": "149",
    "ClubName": "Cuttack Club",
    "Country": "India",
    "State": "Odisha",
    "City": "Cuttack",
    "Address": "Barabati Fort,  Cuttack Odisha -753001",
    "PhoneNumbers": [
      "0671- 2301041",
      "2300007",
      "2305007"
    ]
  },
  {
    "ClubNo": "150",
    "ClubName": "Cindrella Park Club",
    "Country": "India",
    "State": "West Bangal",
    "City": "Siliguri",
    "Address": "P.O Box No.88 3rd Mile,Sevoke Road, Siliguri-734 008",
    "PhoneNumbers": [
      "0353-2544130",
      "2547136"
    ]
  },
  {
    "ClubNo": "151",
    "ClubName": "Calcutta Rowing Club",
    "Country": "India",
    "State": "West Bangal",
    "City": "Kolkata",
    "Address": "15, Rabindra Sarobar, Kolkata-7000029 West Bengal",
    "PhoneNumbers": [
      "033-24198914",
      "24198915",
      "24663343"
    ]
  },
  {
    "ClubNo": "152",
    "ClubName": "Ordnance Club",
    "Country": "India",
    "State": "West Bangal",
    "City": "Kolkata",
    "Address": "Hastings Kolkata-700022",
    "PhoneNumbers": [
      "033-22230410",
      "22230151"
    ]
  },
  {
    "ClubNo": "153",
    "ClubName": "Hindusthan Club Limited",
    "Country": "India",
    "State": "West Bangal",
    "City": "Kolkata",
    "Address": "4/1, Sarat Bose Road Kolkata-700020",
    "PhoneNumbers": [
      "03340175555",
      "03340175512"
    ]
  },
  {
    "ClubNo": "154",
    "ClubName": "Space Circle Club",
    "Country": "India",
    "State": "West Bangal",
    "City": "Kolkata",
    "Address": "VIP Road, Raghunathpur Airport Kolkata-700 052",
    "PhoneNumbers": [
      "801-721-0000",
      "801-722-0000"
    ]
  },
  {
    "ClubNo": "155",
    "ClubName": "India Social Centre",
    "Country": "UAE",
    "State": "UAE",
    "City": "UAE",
    "Address": "PB No.816, Abu Dhabi ,  UAE",
    "PhoneNumbers": [
      "009712-6772225"
    ]
  },
  {
    "ClubNo": "156",
    "ClubName": "The Indian Club",
    "Country": "Bahrain",
    "State": " Bahrain",
    "City": "Kingdom of Bahrain",
    "Address": "P.O.Box 356, Building 307, Road 318, Block 308, Al Gudaybiya,  Kingdom of Bahrain",
    "PhoneNumbers": [
      "(+) 973 1725 3157",
      "17590252"
    ]
  },
  {
    "ClubNo": "157",
    "ClubName": "Kelab PJ",
    "Country": "MALAYSIA",
    "State": "MALAYSIA",
    "City": "MALAYSIA",
    "Address": "No-7, Lorong Sultan-46000, Petaling Jaya, Selangor  Darul Ehsan,  MALAYSIA",
    "PhoneNumbers": [
      "00603-79569991",
      "79555196"
    ]
  },
  {
    "ClubNo": "158",
    "ClubName": "Royal Selangor Club",
    "Country": "MALAYSIA",
    "State": "MALAYSIA",
    "City": "MALAYSIA",
    "Address": "Jalan Raja PO Box-10137,  Kuala Lumpur , MALAYSIA",
    "PhoneNumbers": [
      "00603-26927166",
      "00603-20932277"
    ]
  },
  {
    "ClubNo": "159",
    "ClubName": "Royal Sungei Ujong Club",
    "Country": "MALAYSIA",
    "State": "MALAYSIA",
    "City": "MALAYSIA",
    "Address": "Kelab Diraja Sungei Ujong No.2A, Jalan Dato' Kelana Ma'amor, P.O. Box.76, 70700 Seremban N Sembilan  MALAYSIA",
    "PhoneNumbers": [
      "00606-762 3058",
      "06-763 0104",
      "00606-763 0142"
    ]
  },
  {
    "ClubNo": "160",
    "ClubName": "Ceylon Sports Club",
    "Country": "SINGAPORE",
    "State": "SINGAPORE",
    "City": "SINGAPORE",
    "Address": "101, Balestier Road, SINGAPORE-329 678",
    "PhoneNumbers": [
      "00665-6297 1009"
    ]
  },
  {
    "ClubNo": "161",
    "ClubName": "The Union Club of British Colombia",
    "Country": "Canada",
    "State": "Canada",
    "City": "Canada",
    "Address": "805, Gordon Street , Victoria BC,  Canada, V8W 1Z6,",
    "PhoneNumbers": [
      "001-2503841151(Extn 336)"
    ]
  }
]